Tweet Id,Date,Hour,User Name,Nickname,Bio,Tweet content,Favs,RTs,Latitude,Longitude,Country,Place (as appears on Bio),Profile picture,Followers,Following,Listed,Tweet language (ISO 639-1),Tweet Url
721318437075685382 ,2016-04-16,12:44,Bill Schulhoff,BillSchulhoff,"Husband,Dad,GrandDad,Ordained Minister, Umpire, Poker Player, Mets, Jets, Rangers, LI Ducks, Sons of Anarchy, Survivor, Apprentice, O&A, & a good cigar","Wind 3.2 mph NNE. Barometer 30.20 in, Rising slowly. Temperature 49.3 °F. Rain today 0.00 in. Humidity 32%",,,40.76027778,-72.95472221999999,US,"East Patchogue, NY",http://pbs.twimg.com/profile_images/378800000718469152/535032cf772ca04524e0fe075d3b4767_normal.jpeg,386,705,24,en,http://www.twitter.com/BillSchulhoff/status/721318437075685382
721318436173979648 ,2016-04-16,12:44,Daniele Polis,danipolis,"Viagens, geek, moda, batons laranja, cabelos coloridos, compras, sapatos, fotos e livros.
E também @blogtrippolis.","Pausa pro café antes de embarcar no próximo vôo. #trippolisontheroad #danipolisviaja 

Pause for… https://t.co/PhcJ4oYktP",,,32.89834949,-97.03919589,US,"Grapevine, TX",http://pbs.twimg.com/profile_images/704176034015485952/gZZV4tKJ_normal.jpg,812,647,16,pt,http://www.twitter.com/danipolis/status/721318436173979648
721318434169102336 ,2016-04-16,12:44,Kasey Jacobs,KJacobs27,Norwich University Class of 2017,Good. Morning. #morning #Saturday #diner #VT #breakfast #nucorpsofcadetsring #ring #college… https://t.co/dBZ7dbwX6f,,,44.199476,-72.50417299999999,US,"Barre, VT",http://pbs.twimg.com/profile_images/716958564942741504/hU_z-GGb_normal.jpg,179,206,2,en,http://www.twitter.com/KJacobs27/status/721318434169102336
721318429844582400 ,2016-04-16,12:44,Stan Curtis,stncurtis,"transcendental music, art for art's sake, craftbrew aficionado, sports fanatic, go for the organic, think for yourself-question authority",@gratefuldead recordstoredayus ?????? @ TOMS MUSIC TRADE https://t.co/CURRmn6iJo,,,39.901474,-76.60681700000001,US,"Red Lion, PA",http://pbs.twimg.com/profile_images/696252824624041984/Ap5l5FU5_normal.jpg,1229,2071,11,en,http://www.twitter.com/stncurtis/status/721318429844582400
721318429081407488 ,2016-04-16,12:44,Dave Borzymowski,wi_borzo,When in doubt....Panic.,"Egg in a muffin!!! (@ Rocket Baby Bakery - @rocketbabybaker in Wauwatosa, WI) https://t.co/mwfhrcxtRp",,,43.06084924,-87.99830888,US,"Wauwatosa, WI",http://pbs.twimg.com/profile_images/659527912920621056/aA63owGw_normal.jpg,129,833,9,en,http://www.twitter.com/wi_borzo/status/721318429081407488
721318428590649344 ,2016-04-16,12:44,kirstin,KirstinMerrell,mars model,@lyricwaters should've gave the neighbor  a buzz. Iv got ice cream and moms baked goodies ??,,,36.0419128,-75.68186176,US,"Kill Devil Hills, NC",http://pbs.twimg.com/profile_images/715020648494604288/wqCZ3GHo_normal.jpg,497,659,1,en,http://www.twitter.com/KirstinMerrell/status/721318428590649344
721318427605012481 ,2016-04-16,12:44,Joshua Kosches,Jkosches86,"I am a John Jay MPA Alum. I live in Miami,FL.","On the way to CT! (@ Mamaroneck, NY in Mamaroneck, NY) https://t.co/6rpe6MXDkB",,,40.95034402,-73.74092102,US,"Mamaroneck, NY",http://pbs.twimg.com/profile_images/595302568428986368/LnATKLm9_normal.jpg,37,223,3,en,http://www.twitter.com/Jkosches86/status/721318427605012481
721318426858250240 ,2016-04-16,12:44,TMJ-PA Retail Jobs,tmj_pa_retail,Follow this account for geo-targeted Retail job tweets in Pennsylvania Non-Metro. Need help? Tweet us at @CareerArc!,We're #hiring! Read about our latest #job opening here: Retail Sales Consultant [CWA MOB] Bryn Mawr PA - https://t.co/bBwxSPsL4f #Retail,,,40.0230237,-75.31517719999999,US,"Bryn Mawr, PA",http://pbs.twimg.com/profile_images/666920930464002048/1e-egmEB_normal.jpg,480,312,122,en,http://www.twitter.com/tmj_pa_retail/status/721318426858250240
721318425193226242 ,2016-04-16,12:44,Vidal Alexander,Vonfandango,Just ask!,Me... @ Montgomery Scrap Corporation https://t.co/kpt7zM4xbL,,,39.10335,-77.13652,US,"Rockville, MD",http://pbs.twimg.com/profile_images/404979712/ac_sephiroth_1024_normal.jpg,36,116,,en,http://www.twitter.com/Vonfandango/status/721318425193226242
721318424991805440 ,2016-04-16,12:44,TMJ-BAL Jobs,tmj_bal_jobs,"Follow this account for geo-targeted Other job tweets in Baltimore, MD. Need help? Tweet us at @CareerArc!","BAYADA Home Health Care: Home Health Registered Nurse (#GlenBurnie, MD) https://t.co/m53vlvEyO0 #Job #Jobs #Hiring",,,39.1626084,-76.6246886,US,"Glen Burnie, MD",http://pbs.twimg.com/profile_images/689472804815671296/219lGcLS_normal.jpg,635,540,25,en,http://www.twitter.com/tmj_bal_jobs/status/721318424991805440
721318424136187904 ,2016-04-16,12:44,TMJ-MD Retail Jobs,tmj_md_retail,Follow this account for geo-targeted Retail job tweets in Maryland Non-Metro. Need help? Tweet us at @CareerArc!,"Shift Supervisor Trainee - CVS Health: (#OCEANCITY, MD) https://t.co/BqCqtHS9bO #Retail #Job #Jobs #Hiring #CareerArc",,,38.3365032,-75.0849058,US,"Ocean City, MD",http://pbs.twimg.com/profile_images/668252878272749568/Pl33rKsq_normal.jpg,382,306,71,en,http://www.twitter.com/tmj_md_retail/status/721318424136187904
721318424023068673 ,2016-04-16,12:44,gkalkat,gkalkat,,#007 #jamesbond #blacktie #redcarpet #vip #gambling #youonlylivetwice #diamondsareforever… https://t.co/ZXRyEC9Dlg,,,37.55626996,-122.30132765,US,"San Mateo, CA",http://pbs.twimg.com/profile_images/1679986823/image_normal.jpg,164,600,17,es,http://www.twitter.com/gkalkat/status/721318424023068673
721318423733604353 ,2016-04-16,12:44,Dr K Goodson,GodsNaturalDiva,"I am an environmental engineering PhD who has recently found her career and is in hot pursuit for my passion.
http://t.co/aR3MPUHgCF","Although I am not endorsing a candidate, I thought this was… https://t.co/72ctPqptOA",,,39.0992,-76.5361,US,"Pasadena, MD",http://pbs.twimg.com/profile_images/592124966927208448/q_mcRnsd_normal.jpg,1317,1689,43,en,http://www.twitter.com/GodsNaturalDiva/status/721318423733604353
721318422437564416 ,2016-04-16,12:44,Sarah Kehoe,sarahkehoe,"#agencylife @boelterlincoln | Coffee Snob | MKE Lover but my ?? is in CO | Wannabe Blogger: https://t.co/8vQULBOb0I Opinions are my own, obviously.","I think spring finally has arrived! (@ Milwaukee Lakefront in Milwaukee, WI) https://t.co/usjyJETrQV",,,43.04204537,-87.89545298,US,"Milwaukee, WI",http://pbs.twimg.com/profile_images/662490991014858752/Zsfdzu4e_normal.jpg,1285,1522,107,en,http://www.twitter.com/sarahkehoe/status/721318422437564416
721318421825060866 ,2016-04-16,12:44,TMJ- BOS Health Jobs,tmj_bos_health,"Follow this account for geo-targeted Healthcare job tweets in Boston, MA. Need help? Tweet us at @CareerArc!","Want to work in #Burlington, MA? View our latest opening: https://t.co/qwwWQt0DMj #Healthcare #Job #Jobs #Hiring #CareerArc",,,42.5047161,-71.1956205,US,"Burlington, MA",http://pbs.twimg.com/profile_images/667055064503050240/6cTrjjDc_normal.jpg,670,1212,102,en,http://www.twitter.com/tmj_bos_health/status/721318421825060866
721318421707624448 ,2016-04-16,12:44,John Hancock,JohnHancockJobs,"Official #jobs handle of John Hancock Financial Services, world leader for #insurance & financial products. Follow @JohnHancockUSA for company news & updates","Want to work in #Charlotte, NC? View our latest opening: https://t.co/nkrJjulisQ #BusinessMgmt #insurance #Job #Jobs #Hiring",,,35.2270869,-80.8431267,US,"Charlotte, NC",http://pbs.twimg.com/profile_images/562279531847761920/NMACPtna_normal.jpeg,849,,193,en,http://www.twitter.com/JohnHancockJobs/status/721318421707624448
721318421380603904 ,2016-04-16,12:44,raj,vaidyeah33,young metro trusts me | rutgers student | #devilsarmy #patsnation,you'll love this @34jaIIen https://t.co/fL7YNLOAsk,,,40.33612906,-74.59628558,US,"Plainsboro, NJ",http://pbs.twimg.com/profile_images/716075463840559105/NzT2eYdE_normal.jpg,1402,1337,35,en,http://www.twitter.com/vaidyeah33/status/721318421380603904
721318420331925504 ,2016-04-16,12:44,TMJ-DTW Engin. Jobs,tmj_dtw_eng,"Follow this account for geo-targeted Engineering job tweets in Detroit, MI. Need help? Tweet us at @CareerArc!","#Engineering #Job alert: Prod Engr - Software | ZF TRW | #Livonia, MI https://t.co/c86RXWivrk #Veterans #Jobs #Hiring",,,42.36837,-83.35270970000001,US,"Livonia, MI",http://pbs.twimg.com/profile_images/669441098180374529/42QgNN7r_normal.jpg,374,229,35,es,http://www.twitter.com/tmj_dtw_eng/status/721318420331925504
721318420034093056 ,2016-04-16,12:44,Atlanta IT Jobs,tmj_atl_it,"Follow this account for geo-targeted Software Dev. - General/IT job tweets in Atlanta, GA. Need help? Tweet us at @CareerArc!","Can you recommend anyone for this #job? Clinical Applications Coordinator - Ancillary - https://t.co/MKe3sLrMFt #Atlanta, GA #IT #Hiring",,,33.9091884,-84.3540514,US,"Sandy Springs, GA",http://pbs.twimg.com/profile_images/668178853605457920/BTbEst1B_normal.jpg,934,361,117,en,http://www.twitter.com/tmj_atl_it/status/721318420034093056
721318419098943488 ,2016-04-16,12:44,N Master,N_Master101,#chicago born and raised #Bulls #Bears #Whitesox #Blackhawks but I'm all over the nation,"I'm at @InNOutBurger in Long Beach, CA https://t.co/uqmEomzVKZ",,,33.79115045,-118.140084,US,"Long Beach, CA",http://pbs.twimg.com/profile_images/720628949710200834/oj5pPviK_normal.jpg,1257,1074,71,en,http://www.twitter.com/N_Master101/status/721318419098943488
721318418809532416 ,2016-04-16,12:44,Vicky Garcia Fitness,VickyGFitness,"Certified Personal Trainer, Nutrition Consultant, Zumba Instructor / Zumba for kids Instructor.",Don’t think about what can happen in a month. Don’t think about what can happen in a year. Just… https://t.co/2JFQNg7Kq6,,,33.827608,-84.496362,US,"Smyrna, GA",http://pbs.twimg.com/profile_images/1582573563/twitterfoto_normal.JPG,269,302,10,en,http://www.twitter.com/VickyGFitness/status/721318418809532416
721318418780196864 ,2016-04-16,12:44,Andre C. Rivera,andrerivera801,"23 Year old, Human Services Major, Boricua College Student, Bicyclist, Hobby & Emergency events Photography, Blogger, Organizer/Activist/Soundivew Community",Vacation here I come !! @ Official JetBlue Terminal - LaGuardia… https://t.co/IashwLv0ao,,,40.7747411,-73.8700121,US,"Queens, NY",http://pbs.twimg.com/profile_images/508430644914188288/1bhSiXvI_normal.jpeg,594,2099,53,en,http://www.twitter.com/andrerivera801/status/721318418780196864
721318417324646400 ,2016-04-16,12:44,Pola,PolaBonita,ex inmadura.,"?? @ Foro Sol, Mexico D.F. https://t.co/PbAbOVEPCl",,,19.40511435,-99.09569378,MX,"Iztacalco, Distrito Federal",http://pbs.twimg.com/profile_images/667491164388392960/FyFvhlgB_normal.jpg,836,1107,13,es,http://www.twitter.com/PolaBonita/status/721318417324646400
721318416548700160 ,2016-04-16,12:44,TMJ-VAF HRTA Jobs,tmj_VAF_HRTA,"Follow this account for geo-targeted Hospitality/Restaurant/Tourism job tweets in Fairfax, VA. Need help? Tweet us at @CareerArc!","Can you recommend anyone for this #Hospitality #job? https://t.co/opAs4JitFl #restaurantjobs #Fairfax, VA #Hiring #CareerArc",,,38.8735614,-77.3898602,US,"Chantilly, VA",http://pbs.twimg.com/profile_images/670215770161332225/gXFRBAy1_normal.jpg,309,273,23,en,http://www.twitter.com/tmj_VAF_HRTA/status/721318416548700160
721318416003411968 ,2016-04-16,12:44,TMJ-NC Retail Jobs,tmj_nc_retail,Follow this account for geo-targeted Retail job tweets in North Carolina. Need help? Tweet us at @CareerArc!,"We're #hiring! Click to apply: Manager Trainee-Retail Sales - https://t.co/pvhrRytQ9L #Retail #WinstonSalem, NC #Job #Jobs #CareerArc",,,36.0564654,-80.3324514,US,"Winston-Salem, NC",http://pbs.twimg.com/profile_images/667816428473421824/1ATjx8WA_normal.jpg,427,305,91,en,http://www.twitter.com/tmj_nc_retail/status/721318416003411968
721318415680540672 ,2016-04-16,12:44,Alan Anzo,AlanElGrande_1,"Life is not a problem to be solve, but a Reality to be Experienced.",I'm at Home https://t.co/fDCP5atErT,,,19.32056326,-99.15115016999999,MX,"Coyoacán, Distrito Federal",http://pbs.twimg.com/profile_images/662019311087697920/4YIfavKX_normal.jpg,99,136,4,en,http://www.twitter.com/AlanElGrande_1/status/721318415680540672
721318415458107392 ,2016-04-16,12:44,GA Manufacturing,tmj_ga_manuf,Follow this account for geo-targeted Manufacturing job tweets in Georgia Non-Metro. Need help? Tweet us at @CareerArc!,"See our latest #Savannah, GA #job and click to apply: Structural Mechanic II - https://t.co/t4cYAS9Ceb #Manufacturing #Hiring",,,32.0835407,-81.0998342,US,"Savannah, GA",http://pbs.twimg.com/profile_images/671349037719621632/4HTcSNGD_normal.jpg,304,200,54,en,http://www.twitter.com/tmj_ga_manuf/status/721318415458107392
721318415344881664 ,2016-04-16,12:44,New Jersey Sales,tmj_NJ_sales,Follow this account for geo-targeted Sales job tweets in New Jersey Non-Metro. Need help? Tweet us at @CareerArc!,"Want to work at Macy's Beauty? We're #hiring in #Vorhees, NJ! Click for details: https://t.co/976Ux7tqsS #Sales #Job #Jobs #CareerArc",,,39.8508744,-75.0020025,US,"Echelon, NJ",http://pbs.twimg.com/profile_images/668163983765966849/M6mvG8A6_normal.jpg,455,300,86,en,http://www.twitter.com/tmj_NJ_sales/status/721318415344881664
721318415114186752 ,2016-04-16,12:44,Favorite Jobs,FavoriteJobs,We're your Advocate. We're your Family. Follow us for #healthcare & #nursing #jobs at @FavoriteStaff,Can you recommend anyone for this #job? Registered Nurse | RN | MS (Contract) - https://t.co/qUivCRlU5c #RN #Nursing https://t.co/dF6zpB6uYr,,,38.9822282,-94.6707917,US,"Overland Park, KS",http://pbs.twimg.com/profile_images/663783434829955072/qirUW18u_normal.jpg,191,99,173,en,http://www.twitter.com/FavoriteJobs/status/721318415114186752
721318414980145154 ,2016-04-16,12:44,Chris McGinn,SlimMcGinn,• Fun seeker since 1980 •,?? is ?? @ Jupiter Donuts North Palm https://t.co/QO2cgVUIsC,,,26.80994,-80.05588,US,"North Palm Beach, FL",http://pbs.twimg.com/profile_images/417874641743794176/DegXFvw9_normal.jpeg,433,552,5,en,http://www.twitter.com/SlimMcGinn/status/721318414980145154
721318413973389312 ,2016-04-16,12:44,NJ Non-Metro Jobs,tmj_nj_usa_jobs,Follow this account for geo-targeted Other job tweets in New Jersey Non-Metro. Need help? Tweet us at @CareerArc!,"in #TomsRiver, NJ: Hourly Home Care Nurses Needed (Registered Nurse RN / Licensed... at BAYADA Home Health Care https://t.co/ODNWErZ0sg",,,39.9537358,-74.1979458,US,"Toms River, NJ",http://pbs.twimg.com/profile_images/691239700720275456/21t-csui_normal.jpg,810,529,38,en,http://www.twitter.com/tmj_nj_usa_jobs/status/721318413973389312
721318412916371457 ,2016-04-16,12:44,TMJ-ATL CstSrv Jobs,tmj_atl_cstsrv,"Follow this account for geo-targeted Customer Service job tweets in Atlanta, GA. Need help? Tweet us at @CareerArc!","Want to work at Aerotek? We're #hiring in #Duluth, GA! Click for details: https://t.co/PShztQSvgX #CustomerService #Job #Jobs",,,34.0028786,-84.1446376,US,"Duluth, GA",http://pbs.twimg.com/profile_images/670393196237623297/NiiwNmX8_normal.jpg,473,315,47,en,http://www.twitter.com/tmj_atl_cstsrv/status/721318412916371457
721318411024920576 ,2016-04-16,12:44,Char Sips&Scroll,sugahNspyce_,"I tweet & RT what I want...............
A little bit of everything- music/movies/tv to politics to ratchet news #foodie #spurs #steelers","It is a beautiful Saturday morning!!! Get out &amp; enjoy??????
#HappySaturday!!! @ Clearwater Beach… https://t.co/qMmkcauTjG",,,27.9172217,-82.80687331999999,US,"Largo, FL",http://pbs.twimg.com/profile_images/709463394852671488/HB1wxB8w_normal.jpg,1614,1654,43,en,http://www.twitter.com/sugahNspyce_/status/721318411024920576
721318409540136960 ,2016-04-16,12:44,Lisa Torre,LisaTorreFitnes,"Ind. Team Beachbody Coach, Yoga Instructor, Mother of the Year, Wife of the Century",Remember that time we got Lucas some #DoleWhip and he spilled the whole thing on his leg on his… https://t.co/bQ6CPqL93k,,,28.41529704,-81.58061202,US,"Florida, USA",http://pbs.twimg.com/profile_images/378800000304149045/bbf373fb0082be83caedbb61bffa68a5_normal.jpeg,59,132,20,en,http://www.twitter.com/LisaTorreFitnes/status/721318409540136960
721318405236776960 ,2016-04-16,12:44,Jorge Monteagudo V,jorgemv08,,"I'm at Universidad Intercontinental - @uicmx in México, DF https://t.co/NV870nyOaZ",,,19.28082318,-99.17149723,MX,"Tlalpan, Distrito Federal",http://pbs.twimg.com/profile_images/644314303307223040/0GkCoDSb_normal.jpg,80,86,2,es,http://www.twitter.com/jorgemv08/status/721318405236776960
721318404112588800 ,2016-04-16,12:44,Doherty Jobs,DohertyJobs,"Woman owned & family operated, Doherty The #Employment Experts has been connecting great people with great #jobs for over 35 years!","See our latest #WestStPaul, MN #job and click to apply: MACHINE OPERATOR - https://t.co/f4nllAKHtm #Manufacturing https://t.co/kk0MsO1fss",,,44.9160768,-93.10160740000001,US,"West St Paul, MN",http://pbs.twimg.com/profile_images/501810077557198848/lQy920qQ_normal.jpeg,431,490,99,en,http://www.twitter.com/DohertyJobs/status/721318404112588800
721318401717571584 ,2016-04-16,12:44,DariusThaGreat,DariusDuhGreat,"musician, singer-songwriter, music producer, most importantly a great daddy!",Just posted a photo @ Memories Bar &amp; Grill https://t.co/Vl8xlzZYN1,,,39.89628368,-86.21590046,US,"Indianapolis, IN",http://pbs.twimg.com/profile_images/551039923395264512/uaiEmweA_normal.jpeg,426,527,6,en,http://www.twitter.com/DariusDuhGreat/status/721318401717571584
721318400706875392 ,2016-04-16,12:44,"James K Barath, CMPS",jkbarath,"Certified Mortgage Planner; Do Home Loans - NMLS 124492; Father of a LEGO Boy. I Tweet about Mortgages, Real Estate, Social Networking, Marketing + Jai.","Let's get this Saturday started! (@ Starbucks in Crown Point, IN) https://t.co/dQZA4tB2jC",,,41.42688292,-87.36377281,US,"Crown Point, IN",http://pbs.twimg.com/profile_images/484093689300393985/FWl3FZPJ_normal.jpeg,4541,437,179,en,http://www.twitter.com/jkbarath/status/721318400706875392
721318394667081728 ,2016-04-16,12:44,Joe Ruffennach,firnatine633,captain in the fire department,I just began a doing circuit training workout using #Endomondo. Peptalk me now @ https://t.co/Lsdhsl50V0,,,33.486286,-79.098603,US,"Pawleys Island, SC",http://pbs.twimg.com/profile_images/3460991227/836eb813ee7883473d9f4486ce4136fa_normal.jpeg,49,34,6,en,http://www.twitter.com/firnatine633/status/721318394667081728
721318393207525376 ,2016-04-16,12:44,BriannaMengel,legnemannairb,Peanut Butter Vibes  //  NR,Having a slight craving for rock climbing and waterfall jumps???#stayswoopinfolks @ Linville… https://t.co/AGVQlOaFCD,,,35.9592,-81.9431,US,"North Carolina, USA",http://pbs.twimg.com/profile_images/709882995319173120/Z7Ql4NJn_normal.jpg,475,283,1,en,http://www.twitter.com/legnemannairb/status/721318393207525376
721318386290991104 ,2016-04-16,12:44,Chris S Jones,foggypaws,"I remember my dog Hoover everyday, I race for the Pamakids Ultra Running Team, serve in the US Army, and am a CU alum... GO BUFFS!",Ran the B.A.A. 5k this morning with Chris Sanford and finished with the exact same time as last… https://t.co/m8ClCPqjiR,,,42.35628305,-71.06330103000001,US,"Boston, MA",http://pbs.twimg.com/profile_images/684931992303996928/6YKAeM3C_normal.jpg,564,1023,11,en,http://www.twitter.com/foggypaws/status/721318386290991104
721318379437600768 ,2016-04-16,12:44,Patricia Suhre,SugaPiesMama,"Just a Girl who Loves to Laugh, Loves the Texans & Loves the Lord. I am Wife to the Most Amazing Man & SugaPies Mama! Blessed! Amos 3:3 John 3:16",I'm  proud of myself! My feet not so much.. ?? I'm going to have to… https://t.co/Qc2s2BHRny,,,29.4046645,-95.23194049999999,US,"Alvin, TX",http://pbs.twimg.com/profile_images/706442923131297792/6Wv63cft_normal.jpg,239,77,43,en,http://www.twitter.com/SugaPiesMama/status/721318379437600768
721318376446889985 ,2016-04-16,12:44,fulltimeGiGS Jobs,FTGiGSJobs,All #jobs all the time! Apply today!  Follow our official account @fulltimeGiGS for #jobsearch tips and career advice.,"Can you recommend anyone for this #IT #job? https://t.co/5LXR45vFwh #Cleveland, OH #Hiring https://t.co/JZu6ghfmVY",,,41.49932,-81.6943605,US,"Cleveland, OH",http://pbs.twimg.com/profile_images/657211104746061824/ABgu_N9n_normal.png,259,127,427,en,http://www.twitter.com/FTGiGSJobs/status/721318376446889985
721318375742263296 ,2016-04-16,12:44,TMJ-MD HRTA Jobs,tmj_md_hrta,Follow this account for geo-targeted Hospitality/Restaurant/Tourism job tweets in Maryland Non-Metro. Need help? Tweet us at @CareerArc!,"If you're a #Hospitality professional in 620 MARKETPLACE DRIVE, #BELAIR, MD, check out this #job: https://t.co/72KLimPrrd #Veterans #Hiring",,,39.5241026,-76.3524419,US,"Bel Air, MD",http://pbs.twimg.com/profile_images/668520057203376129/Ni21wgn1_normal.jpg,375,287,47,en,http://www.twitter.com/tmj_md_hrta/status/721318375742263296
721318375649992704 ,2016-04-16,12:44,TMJ-SCM Health Jobs,tmj_scm_health,"Follow this account for geo-targeted Healthcare job tweets in Myrtle Beach, SC. Need help? Tweet us at @CareerArc!","#Healthcare #Job alert: Physical Therapist (PT) /... | Accountable Healthcare Staffing | #MurrellsInlet, SC https://t.co/cnnBVRzVgv #Jobs",,,33.5510021,-79.0414261,US,"Murrells Inlet, SC",http://pbs.twimg.com/profile_images/686286789707890688/iBTPEcwl_normal.jpg,391,284,39,en,http://www.twitter.com/tmj_scm_health/status/721318375649992704
721318375649980417 ,2016-04-16,12:44,TMJ-NJN Pharm. Jobs,tmj_njn_pharm,Follow this account for geo-targeted Pharm./Biotech job tweets in Northern NJ. Need help? Tweet us at @CareerArc!,"Can you recommend anyone for this #job? Clinical Project Manager - https://t.co/U2jlHyTkV5 #FairLawn, NJ #Pharmaceutical #Hiring",,,40.9403762,-74.1318096,US,"Fair Lawn, NJ",http://pbs.twimg.com/profile_images/683986760506839041/rTR-cFo0_normal.jpg,394,309,13,en,http://www.twitter.com/tmj_njn_pharm/status/721318375649980417
721318375138328577 ,2016-04-16,12:44,TMJ-ATL Engin. Jobs,tmj_atl_eng,"Follow this account for geo-targeted Engineering job tweets in Atlanta, GA. Need help? Tweet us at @CareerArc!","AT&amp;T #Engineering #Job: Senior eCommerce Reporting Analyst (#Atlanta, GA) https://t.co/N7JYUa6Kxg #Jobs #Hiring #CareerArc",,,33.7489954,-84.3879824,US,"Atlanta, GA",http://pbs.twimg.com/profile_images/670653842669723649/v56ieXdU_normal.jpg,406,263,64,en,http://www.twitter.com/tmj_atl_eng/status/721318375138328577
721318372424683520 ,2016-04-16,12:44,Jason W,jasoid,,South African send off! #sarahbolen #SarahPreAfrica #BolenInTheBush #FutureQueenofNamibia… https://t.co/U2t7NNhvam,,,40.63972222,-73.77888889,US,"Queens, NY",http://pbs.twimg.com/profile_images/2633488044/acd40cf21279385cb7220134b84b274b_normal.jpeg,193,670,2,en,http://www.twitter.com/jasoid/status/721318372424683520
721318371346649088 ,2016-04-16,12:44,TMJ-ATL Cosmo Jobs,tmj_atl_cosmo,"Follow this account for geo-targeted Cosmetology/Hairstylist job tweets in Atlanta, GA. Need help? Tweet us at @CareerArc!","Hair Stylist - Great Clips: (#Buford, GA) https://t.co/dRvUJifQWZ #Cosmetology #Job #Jobs #Hiring #CareerArc",,,34.1187928,-84.0751471,US,"Sugar Hill, GA",http://pbs.twimg.com/profile_images/692477832656732161/MY67XAgd_normal.jpg,298,257,6,en,http://www.twitter.com/tmj_atl_cosmo/status/721318371346649088
721318369874432001 ,2016-04-16,12:44,TMJ-MIA Retail Jobs,tmj_mia_retail,"Follow this account for geo-targeted Retail job tweets in Miami, FL. Need help? Tweet us at @CareerArc!","Customer Service Associate I - Lowe's Stores: (#Hialeah, FL) https://t.co/WRPW3xZ3df #Retail #Job #Jobs #Hiring",,,25.8575963,-80.2781057,US,"Hialeah, FL",http://pbs.twimg.com/profile_images/667236220691283968/oGZZ0rKk_normal.jpg,469,311,86,en,http://www.twitter.com/tmj_mia_retail/status/721318369874432001
721318368507203584 ,2016-04-16,12:44,511 New York,511NY,Traffic & transit updates for all of New York State provided by New York State 511. Visit the website for more feeds.,Cleared: Closure on #US1 SB at South of Olden Ave,,,40.234776,-74.747567,US,"Trenton, NJ",http://pbs.twimg.com/profile_images/307131779/511twitlogo_normal.png,1285,206,192,en,http://www.twitter.com/511NY/status/721318368507203584
721318368364621826 ,2016-04-16,12:44,Annie Islas,AnnieMyBoo,I'm doing my thing. I'm tryna be unforgettable.,"Ya estoy lista.???????? (@ Centro @Netec in Mexico, D.F.) https://t.co/55UUszDmQX",,,19.3945264,-99.17381537999999,MX,"Benito Juárez, Distrito Federal",http://pbs.twimg.com/profile_images/696185710575902722/vIgZKVVB_normal.jpg,198,144,3,es,http://www.twitter.com/AnnieMyBoo/status/721318368364621826
721318366699360257 ,2016-04-16,12:44,Ocelotemx1,Ocelotemx1,whatsapp: 5572676413 Instagram :@ocelotemx1,+followers for @jasmincadavid ?????? @ Secretaria de Gobernación SEGOB https://t.co/Oex2BzearG,,,19.43048663,-99.15284238,MX,"Cuauhtémoc, Distrito Federal",http://pbs.twimg.com/profile_images/571888336635228162/m_qzj5Du_normal.jpeg,368,907,9,es,http://www.twitter.com/Ocelotemx1/status/721318366699360257
721318363738284033 ,2016-04-16,12:44,Plez,plezWorld,husband-father-son-brother-mentor-Nupe-exec-consultant-geek-activist-wonk-blogger-friend-and a helluva engineer (GT alum) twittering away in plezWorld!,"I'm at @DunkinDonuts in Lithonia, GA https://t.co/d6IU15ig5J",,,33.69758466,-84.17255616,US,"Georgia, USA",http://pbs.twimg.com/profile_images/1765814630/PAJ-2011Tux_normal.jpg,1927,1991,53,en,http://www.twitter.com/plezWorld/status/721318363738284033
721318361867661312 ,2016-04-16,12:44,?KingAsshole™,biggtwon,"#BestDadEver
fake ass #twitter comedian
gym rat 
Fuck Cancer
Boxer
team Leo ?
Owner @AASignatureServ
Instagram/Kik/snapchat/ask.fm @Biggtwon","7:45 appointment (@ The Art of Fadez in Villa Park, IL) https://t.co/wpZl3DCh7N https://t.co/aVCF3zHDOs",,,41.903754,-87.988247,US,"Villa Park, IL",http://pbs.twimg.com/profile_images/651546422605664256/xZQPRvAO_normal.jpg,1612,1932,43,en,http://www.twitter.com/biggtwon/status/721318361867661312
721318352426283008 ,2016-04-16,12:44,511 New York,511NY,Traffic & transit updates for all of New York State provided by New York State 511. Visit the website for more feeds.,Cleared: Incident on #I87NYSThruway NB at Exit 21 (I-87) - Catskill (Rte 23),,,42.250298,-73.884049,US,"Jefferson Heights, NY",http://pbs.twimg.com/profile_images/307131779/511twitlogo_normal.png,1285,206,192,en,http://www.twitter.com/511NY/status/721318352426283008
721318350203260928 ,2016-04-16,12:44,Bertha Balseca,BerthaBalseca,"Mother, Runner, Art/Photography/Music Lover and Looking for the Next Big Thing. I'm from Guayaquil-Ecuador living in Miami!","Mis campeones!! #doralparks , #nikerunning , #running , #5kdoral ,… https://t.co/2caB5qTpxz",,,25.82759609,-80.38457593,US,"Doral, FL",http://pbs.twimg.com/profile_images/589633010141630464/yTts9gAG_normal.jpg,80,331,2,en,http://www.twitter.com/BerthaBalseca/status/721318350203260928
721318338207481856 ,2016-04-16,12:44,Dayton Freight Jobs,DaytonFrtJobs,@DaytonFreight  is an LTL freight carrier providing exceptional service on-time and claims-free. Join the Dayton team by applying to our open #jobs here.,"Interested in a #Transportation #job near #CedarRapids, IA? This could be a great fit: https://t.co/ms2NPVV4ZL https://t.co/4Fnn8GVwmg",,,41.9625013,-91.6918465,US,"Cedar Rapids, IA",http://pbs.twimg.com/profile_images/507913343844118528/KI5c5e4c_normal.jpeg,79,1,80,en,http://www.twitter.com/DaytonFrtJobs/status/721318338207481856
721318337267904512 ,2016-04-16,12:44,Gaby Osornio ?,Gabinthehouse,"La vida te da las cartas, no puedes cambiarlas, pero tú decides cómo jugarlas. ?",De esas veces que te piden tus apuntes y uno sólo anota el título. ??,,,19.3222048,-99.17784225,MX,"Coyoacán, Distrito Federal",http://pbs.twimg.com/profile_images/489662586191745024/QB8F7mH2_normal.jpeg,167,496,2,es,http://www.twitter.com/Gabinthehouse/status/721318337267904512
721318336425013248 ,2016-04-16,12:44,Divine Appetit Co,divine_appetit,"Divine Appetit Co., is a catering and food services provider dedicated to serving up long lasting memories for its clients by creating “Simple. Artistic. Eats”!","Good morning, another successful segment! #charlotte #salisburync #wbtvandme #wbtvnews #cnbc… https://t.co/BrUyVWCtUG",,,35.22721,-80.87242999999999,US,"Charlotte, NC",http://pbs.twimg.com/profile_images/451777349155958784/fsPNvvvb_normal.jpeg,62,105,3,en,http://www.twitter.com/divine_appetit/status/721318336425013248
721318335233658880 ,2016-04-16,12:44,TMJ-GBR Pharm. Jobs,tmj_GBR_pharm,Follow this account for geo-targeted Pharm./Biotech job tweets in Great Britain. Need help? Tweet us at @CareerArc!,"Want to work in #Inverness, SL? View our latest opening: https://t.co/ZVoMJxGRdO #Pharmaceutical #Job #Jobs #Hiring #CareerArc",,,38.1010337,-122.8569377,US,"California, USA",http://pbs.twimg.com/profile_images/668283108874043392/3W2tguq6_normal.jpg,496,331,141,en,http://www.twitter.com/tmj_GBR_pharm/status/721318335233658880
721318334436913152 ,2016-04-16,12:44,TMJ-NJC Acct. Jobs,tmj_njc_acct,Follow this account for geo-targeted Accounting job tweets in Central NJ. Need help? Tweet us at @CareerArc!,"See our latest #NewBrunswick, NJ #job and click to apply: Senior Accountant - https://t.co/kAjyWq0gyx #Accounting #Hiring #CareerArc",,,40.4862157,-74.4518188,US,"New Brunswick, NJ",http://pbs.twimg.com/profile_images/679305675873247232/9zJ3j0Eh_normal.jpg,418,292,33,en,http://www.twitter.com/tmj_njc_acct/status/721318334436913152
721318334357110784 ,2016-04-16,12:44,TMJ-NYC CstSrv Jobs,tmj_nyc_cstsrv,"Follow this account for geo-targeted Customer Service job tweets in New York, NY. Need help? Tweet us at @CareerArc!","We're #hiring! Read about our latest #job opening here: Call Center Manager - https://t.co/4HtRNlu14A #NEWYORK, NY #CustomerService",,,40.7519846,-73.9697795,US,"Manhattan, NY",http://pbs.twimg.com/profile_images/669365506642612225/8QZDLKUf_normal.jpg,455,284,64,en,http://www.twitter.com/tmj_nyc_cstsrv/status/721318334357110784
721318334092840960 ,2016-04-16,12:44,TMJ-SC HRTA Jobs,tmj_sc_hrta,Follow this account for geo-targeted Hospitality/Restaurant/Tourism job tweets in South Carolina Non-Metro. Need help? Tweet us at @CareerArc!,Want to work in ? View our latest opening: https://t.co/47mSniYiPU #Hospitality #Veterans #Job #Jobs #Hiring #CareerArc,,,32.873221,-80.01817800000001,US,"North Charleston, SC",http://pbs.twimg.com/profile_images/668424284889464832/VW4K-wvH_normal.jpg,379,281,41,en,http://www.twitter.com/tmj_sc_hrta/status/721318334092840960
721318333799227392 ,2016-04-16,12:44,TMJ - MIA Sales Jobs,tmj_mia_sales,"Follow this account for geo-targeted Sales job tweets in Miami, FL. Need help? Tweet us at @CareerArc!","#CareerArc #Sales #Job alert: Inside Sales Representative based in Greenville,SC | UPS | #MIAMI, FL https://t.co/LHXeF3YwLL #Jobs #Hiring",,,25.7783254,-80.1990136,US,"Miami, FL",http://pbs.twimg.com/profile_images/668801536831582209/sr4FfAEe_normal.jpg,459,309,102,en,http://www.twitter.com/tmj_mia_sales/status/721318333799227392
721318333606289409 ,2016-04-16,12:44,TMJ- WAS Health Jobs,tmj_dc_health,Follow this account for geo-targeted Healthcare job tweets in DC Metro. Need help? Tweet us at @CareerArc!,"Want to work in #FALLSCHURCH, VA? View our latest opening: https://t.co/sgxNmVAkQl #Healthcare #Job #Jobs #Hiring #CareerArc",,,38.8581893,-77.2286077,US,"Annandale, VA",http://pbs.twimg.com/profile_images/667151005067272193/rU6sGwnu_normal.jpg,466,307,98,en,http://www.twitter.com/tmj_dc_health/status/721318333606289409
721318332893306884 ,2016-04-16,12:44,Lynne J. Johnson,MoJoCMO,"My Mojo Is CMO: Chief Marketing Officer, Consumer's Credit Union Chief Mom of 6 Awesome Kids #Forbes List #SimplyBeKind #AlwaysLearning. #LovePublicSpeaking",Morning from #Chicago! #letsmove @ Sheraton Grand Chicago https://t.co/eXhkfqbpbc,,,41.88914,-87.61945,US,"Chicago, IL",http://pbs.twimg.com/profile_images/719982047096348673/4taArR3w_normal.jpg,13703,14663,434,en,http://www.twitter.com/MoJoCMO/status/721318332893306884
721318331811106816 ,2016-04-16,12:44,Join BAYADA,JoinBAYADA,"BAYADA employs more than 18,000 nurses, home health aides, therapists, medical social workers, managers, and other health care professionals across the country.","#Fayetteville, NC #Job: LPN / Licensed Practical Nurse in Fayetteville, NC at BAYADA Home Health Care https://t.co/8iyUom4SW7 #Jobs",,,35.0526641,-78.8783585,US,"Fayetteville, NC",http://pbs.twimg.com/profile_images/521653094073896960/S288SKQw_normal.jpeg,312,29,315,en,http://www.twitter.com/JoinBAYADA/status/721318331811106816
721318331500871680 ,2016-04-16,12:44,Carrie Cleveland,MsCarrieC,,"Team #3, Burning Possums, I just finished my 3rd leg. #ragnar #ragnaraustin #fit2runstpete… https://t.co/QuNvE5zxQ2",,,29.9891,-97.8759,US,"Kyle, TX",http://pbs.twimg.com/profile_images/2289431554/v4v580wvvvmxj3lhbt10_normal.jpeg,39,50,1,en,http://www.twitter.com/MsCarrieC/status/721318331500871680
721318331026927616 ,2016-04-16,12:44,Matthew Gilmore,MattGilmore112,WCH'18 16 years old,OH - #ohiostatespringgame @ Ohio Stadium https://t.co/fSbub0Xd03,,,40.00166667,-83.01972222000001,US,"Columbus, OH",http://pbs.twimg.com/profile_images/692878145981026306/X1I6QeGr_normal.jpg,154,215,2,en,http://www.twitter.com/MattGilmore112/status/721318331026927616
721318329592516609 ,2016-04-16,12:44,?Shaquana?,IndigenousSlay,Indigenous - I speak many different languages..all in English. A student of life,@callmedollar 10 years from now they are going to feel sorry they didn't pay her any mind???? #theydontknowrealmusic,,,39.93253,-75.102412,US,"Camden, NJ",http://pbs.twimg.com/profile_images/701136127420399618/_DlbSf4c_normal.jpg,430,270,19,en,http://www.twitter.com/IndigenousSlay/status/721318329592516609
721318325939265536 ,2016-04-16,12:44,'Sunkanmi,7unky,Loyalty is Everything,They don't have no 'home' to retire to in the future. They're comfortable owing the government till they die. Iss that life?,,,41.9908854,-87.6566102,US,"Chicago, IL",http://pbs.twimg.com/profile_images/719920334447755264/eqPLtXn8_normal.jpg,1754,370,16,en,http://www.twitter.com/7unky/status/721318325939265536
721318324131532801 ,2016-04-16,12:44,ADK310,ACEDAKIDD310,,"I'm at Twerk in Horsham, PA https://t.co/VRmWIJssIC",,,40.16199466,-75.14814491999999,US,"Horsham, PA",http://pbs.twimg.com/profile_images/700838512069771264/NRDJlmNH_normal.jpg,576,1350,19,en,http://www.twitter.com/ACEDAKIDD310/status/721318324131532801
721318321619091456 ,2016-04-16,12:44,Hannah Shields,hannahshields_,Averett University Volleyball,It's our Spring Tournament day and I couldn't be more excited! Come… https://t.co/MDEoB22F1b,,,36.596769,-79.43660300000001,US,"Danville, VA",http://pbs.twimg.com/profile_images/689574921610072064/0iiM_d4s_normal.jpg,720,553,1,en,http://www.twitter.com/hannahshields_/status/721318321619091456
721318321572999168 ,2016-04-16,12:44,Christine Saunders,chrisandxbones,"Hairbow maker, book listener, traveler, fangirl. Come with me if you want to live. http://t.co/ynSw2om6Db","This is my first one day show since 2014, I streamlined my set up a little, but it still took… https://t.co/Vu8IbYmiWP",,,35.77391,-78.64074003,US,"Raleigh, NC",http://pbs.twimg.com/profile_images/615955289498611713/DcymV_GX_normal.jpg,185,509,9,en,http://www.twitter.com/chrisandxbones/status/721318321572999168
721318319509389313 ,2016-04-16,12:44,Heather Adams,HeatherAdams44,"Journalist. Community Engagement Specialist- @masslivenews. @MUConvergence Grad. Loves all things journalism, religion and tennis. Wants a pet shark.",Officially done with all things taxes! #adult https://t.co/WyLgrQynAE,,,42.26931477,-72.67179548,US,"Easthampton, MA",http://pbs.twimg.com/profile_images/673543919523655680/Qa0922qV_normal.jpg,623,983,45,en,http://www.twitter.com/HeatherAdams44/status/721318319509389313
721318319387586560 ,2016-04-16,12:44,Nukdollar$,Therealnuk,IG:halfnukhalfdavid,"Lol

#paulmooney #comedy @ RedBlocc https://t.co/kMLuzYmhj7",,,40.68454762,-73.73246489,US,"Queens, NY",http://pbs.twimg.com/profile_images/696544044323905537/x4N3rufH_normal.jpg,396,1992,7,en,http://www.twitter.com/Therealnuk/status/721318319387586560
721318305114378240 ,2016-04-16,12:44,TheKenyaCrooks,TheKenyaCrooks,I train the Sexiest bodies on Reality Tv. I'm The World's Greatest Weight loss Expert!  Welcome to the  Assembly line to Fine.,WE'RE ABOUT TO GET IT IN @ The Congress Plaza Hotel &amp; Convention Center https://t.co/hgyo9hvLPH,,,41.87505,-87.6247999,US,"Chicago, IL",http://pbs.twimg.com/profile_images/474616933212360706/Ni6cPmom_normal.jpeg,11972,10640,178,en,http://www.twitter.com/TheKenyaCrooks/status/721318305114378240
721318302837026818 ,2016-04-16,12:44,Pablo,renteriaboxing,?Boxing (Sports) Fan. Music is my passion. Family is Everything!,"I'm at Pepsi Bottling Group in Hayward, CA https://t.co/tEIF4qlysC",,,37.6121905,-122.08415782,US,"Hayward, CA",http://pbs.twimg.com/profile_images/435113715612925953/KFiyJTg1_normal.jpeg,278,999,8,en,http://www.twitter.com/renteriaboxing/status/721318302837026818
721318297707261952 ,2016-04-16,12:44,HCA,PracticeWithUs,Beginning 11/12/14 all Physician Career related content posts can be found at @PWU_News.  Our Job openings will remain on this site.  Thank you!,Join the Good Samaritan Hospital team! See our latest #Physician #job opening here: https://t.co/lVIUdKuaQJ #Hiring https://t.co/EQSh17D9q6,,,37.2520715,-121.9463305,US,"San Jose, CA",http://pbs.twimg.com/profile_images/487644019875270657/SaqyIM5g_normal.jpeg,929,208,232,en,http://www.twitter.com/PracticeWithUs/status/721318297707261952
721318293873696768 ,2016-04-16,12:44,Expera Jobs,ExperaJobs,"Thinking, doing, making, solving…that’s our specialty at Expera Specialty Solutions. Want to be a part of it?  Follow us to learn more!","Want to work in #Rhinelander, WI? View our latest opening: https://t.co/oL57AKrhZn #Engineering #paper #specialty https://t.co/N3g8DX9aIh",,,45.6366228,-89.4120753,US,"Rhinelander, WI",http://pbs.twimg.com/profile_images/603619798094774272/1tF3NN7s_normal.jpg,24,53,40,en,http://www.twitter.com/ExperaJobs/status/721318293873696768
721318291008978944 ,2016-04-16,12:44,TMJ-NY HRTA Jobs,tmj_ny_hrta,Follow this account for geo-targeted Hospitality/Restaurant/Tourism job tweets in New York Non-Metro. Need help? Tweet us at @CareerArc!,"Cashier - Food - Delaware North: (#Clarence, NY) https://t.co/asugQrvSeM #Hospitality #Job #Jobs #Hiring #CareerArc",,,42.9767255,-78.59197090000001,US,"Clarence, NY",http://pbs.twimg.com/profile_images/667155803535638528/bGuoADfk_normal.jpg,449,289,72,en,http://www.twitter.com/tmj_ny_hrta/status/721318291008978944
721318289910018052 ,2016-04-16,12:44,PA Non-Metro Jobs,tmj_pa_usa_jobs,Follow this account for geo-targeted Other job tweets in Pennsylvania Non-Metro. Need help? Tweet us at @CareerArc!,"Can you recommend anyone for this #job? https://t.co/M9GGzR5myT #Allentown, PA #Hiring #CareerArc",,,40.6084305,-75.4901833,US,"Allentown, PA",http://pbs.twimg.com/profile_images/666900325903659008/hu9u5t7a_normal.jpg,843,540,61,en,http://www.twitter.com/tmj_pa_usa_jobs/status/721318289910018052
721318289482186752 ,2016-04-16,12:44,TMJ-FL Transport.,tmj_FL_transp,Follow this account for geo-targeted Transportation job tweets in Florida Non-Metro. Need help? Tweet us at @CareerArc!,"This #Transportation #job might be a great fit for you: Truck Driver, Class A - Full Time - https://t.co/9e4R2AsNmW #POMPANOBEACH, FL",,,26.2378597,-80.1247667,US,"Pompano Beach, FL",http://pbs.twimg.com/profile_images/668429377235881986/C6GaIpva_normal.jpg,367,286,62,en,http://www.twitter.com/tmj_FL_transp/status/721318289482186752
721318289431859200 ,2016-04-16,12:44,Alejandro Cháves,alejand92660840,"hola, buenas tardes....la idea de crear esta cuenta es con la finalidad de que nuestra pequeña Empresa este a la vista de mas personas en el Mundo...Herrería A.",Buenos días...,,,19.4180846,-102.0135184,MX,"Uruapan, Michoacán de Ocampo",http://pbs.twimg.com/profile_images/720401363549556737/V7wQb14b_normal.jpg,11,83,3,es,http://www.twitter.com/alejand92660840/status/721318289431859200
721318289180200963 ,2016-04-16,12:44,Jobs at Oracle,JobsAtOracle,The global feed for jobs at Oracle. #OracleTalent,"Want to work in #SantaMonica, CA? View our latest opening: https://t.co/eopkeSnzMv #IT #ExploreOracle #Job #Jobs #Hiring",,,34.0194543,-118.4911912,US,"Santa Monica, CA",http://pbs.twimg.com/profile_images/580520300816818176/5JcgHw8q_normal.png,4241,2283,944,en,http://www.twitter.com/JobsAtOracle/status/721318289180200963
721318287905128449 ,2016-04-16,12:44,TMJ-MI Retail Jobs,tmj_mi_retail,Follow this account for geo-targeted Retail job tweets in Michigan Non-Metro. Need help? Tweet us at @CareerArc!,"Speedway #Retail #Job: Manager Trainee-Retail Sales (#Wyoming, MI) https://t.co/E4kFxiSJCr #Jobs #Hiring #CareerArc",,,42.9133602,-85.7053085,US,"Wyoming, MI",http://pbs.twimg.com/profile_images/667080726261555201/rReGdUnf_normal.jpg,454,304,72,en,http://www.twitter.com/tmj_mi_retail/status/721318287905128449
721318286953066496 ,2016-04-16,12:44,Beej Powers,beejpowers,"dad, massage therapist, artist, writer, consumer","I'm at Virginia Tech - @vtnews in Blacksburg, VA https://t.co/8MAog8jeKh",,,37.22764602,-80.42211055999999,US,"Blacksburg, VA",http://pbs.twimg.com/profile_images/630858405855555584/dEDw6Edz_normal.jpg,303,540,25,en,http://www.twitter.com/beejpowers/status/721318286953066496
721318285631827969 ,2016-04-16,12:44,TMJ-MA Mgmt. Jobs,tmj_ma_mgmt,Follow this account for geo-targeted Business/Mgmt. job tweets in Massachusetts Non-Metro. Need help? Tweet us at @CareerArc!,"Robert Half Finance &amp; Accounting: Office Manager/Operations Manager/Practice Manager (#Canton, MA) https://t.co/l9doHa7QB0 #BusinessMgmt",,,42.233283,-71.0854325,US,"Milton, MA",http://pbs.twimg.com/profile_images/669773832505290752/U9Lm_8Rs_normal.jpg,340,252,54,en,http://www.twitter.com/tmj_ma_mgmt/status/721318285631827969
721318284793143296 ,2016-04-16,12:44,Keisha Frazier,feelgoodskin,"Skincare therapist fun loving & inspiring! More than beauty business! An enhanced lifestyle. Oh, I wrap too :) #BeEnhanced 214-566-6500","Headed to KC for family, fun and of course food! #thebest #BBQ (@ Oklahoma @CityOfokc in Oklahoma City, OK, OK) https://t.co/DFdU9pLqRb",,,35.49292708,-97.50645161,US,"Oklahoma City, OK",http://pbs.twimg.com/profile_images/705248527098597377/Z7QpkovD_normal.jpg,1405,2023,40,en,http://www.twitter.com/feelgoodskin/status/721318284793143296
721318283497115650 ,2016-04-16,12:44,?? Dewey Johnston ??,dewey_johnston,"Lions, Tigers and UofM ?? fan and single dad to 4 wonderful girls. Bleeding that Maize and Blue cause reasons. I am a runner ... feels good to say that",Race day!!! It couldn't be more beautiful out. Praise God for spring finally showing up ????… https://t.co/FO3i1ZiJGd,,,43.57087,-84.29327000000001,US,"Michigan, USA",http://pbs.twimg.com/profile_images/668958687684349952/JZDH4dx7_normal.jpg,1013,2173,13,en,http://www.twitter.com/dewey_johnston/status/721318283497115650
721318281391374336 ,2016-04-16,12:44,Jobs at Dressbarn,dressbarnjobs,"When you work at dressbarn, EVERY DAY is an opportunity to Inspire Women to Look and Feel Beautiful. Learn more @ http://t.co/5ffoj1IC4b","#Sales #Job in #AnnArbor, MI: Temp Sales Associate-dressbarn at dressbarn https://t.co/q5vpBNqkZ8 #Jobs #Hiring",,,42.2660881,-83.7146001,US,"Ann Arbor, MI",http://pbs.twimg.com/profile_images/489866378732531712/F3PCgBwh_normal.jpeg,257,15,450,en,http://www.twitter.com/dressbarnjobs/status/721318281391374336
721318280967954432 ,2016-04-16,12:44,Brad Hall,circabrad,,"I'm at Apple Store, Rideau in Ottawa, ON https://t.co/BgZbeE3e2Y",,,45.42509,-75.69101000000001,CA,"Ottawa, Ontario",http://pbs.twimg.com/profile_images/378800000800563374/e89fcf1210181f0eb815701d8cfaada7_normal.jpeg,150,409,7,en,http://www.twitter.com/circabrad/status/721318280967954432
721318277180366848 ,2016-04-16,12:44,Shane Barger,BargerShane,Follower of Christ; Married to my best friend; 6 wonderful Children,Spring soccer season begins... coolfryz @jessicabarger2 @… https://t.co/5zUDFKBv8C,,,28.0215549,-81.78079990000001,US,"Jan Phyl Village, FL",http://pbs.twimg.com/profile_images/378800000271652146/0dd732b6549cbb4ec2a8dae94073f3c2_normal.jpeg,41,221,,en,http://www.twitter.com/BargerShane/status/721318277180366848
721318270276608001 ,2016-04-16,12:44,CJ Torres,cjtorres7,#BLA #GBA #CCB,"I'm at Los Angeles International Airport (LAX) - @flylaxairport in Los Angeles, CA https://t.co/rCVIJrXCMX",,,33.94389398,-118.40502262,US,"Los Angeles, CA",http://pbs.twimg.com/profile_images/504854544309030912/3yql-QFS_normal.jpeg,619,580,30,en,http://www.twitter.com/cjtorres7/status/721318270276608001
721318270008221697 ,2016-04-16,12:44,Brian Hoyne,bhoyne71,,Good morning!!! #artofvisuals #stdothis #sombrexplore #exploremn #retroluxaholics… https://t.co/ZpXvUm8Yga,,,45.1832,-93.8655,US,"Buffalo, MN",http://pbs.twimg.com/profile_images/683741732597444608/uDAPfhgc_normal.jpg,67,242,5,en,http://www.twitter.com/bhoyne71/status/721318270008221697
721318268909305856 ,2016-04-16,12:44,Martín Nelson,forsomemasses,No controles (mi forma de pensar).,#iwantadog when it gets dark my dog will bark at any passers-by #introspective #igdc @ Adams Morgan https://t.co/UetHtybDSO,,,38.922515,-77.04281899999999,US,"Washington, DC",http://pbs.twimg.com/profile_images/719278313106227200/58HMdONN_normal.jpg,1080,1063,41,en,http://www.twitter.com/forsomemasses/status/721318268909305856
721318264517701632 ,2016-04-16,12:44,Cintas Careers,CintasCareers,"Looking for a career, and not just another job? Consider Cintas, where the spirit is the difference. Follow us for our latest career opportunities.","This #Manufacturing #job might be a great fit for you: Warehouse Processor - https://t.co/DwEKN4ymd0 #Henrietta, NY https://t.co/xKcyoTa51g",,,43.0592452,-77.6128039,US,"Henrietta, NY",http://pbs.twimg.com/profile_images/760490442/cintas_careers_logo_normal.jpg,306,2,359,en,http://www.twitter.com/CintasCareers/status/721318264517701632
721318263318319105 ,2016-04-16,12:44,Josh Spencer ??,JoshTrevil,"Ser mexicano es un privilegio, ser tamaulipeco es un orgullo, ser Tampiqueño es un lujo, pero ser Treviano es un verdadero orgasmo.","Buen día, ya listo para irme al #gym 

Príncipe hermoso, te amo. @ La Calle De La Amargura https://t.co/0Xr4eRxk63",,,22.28205338,-97.89039923,MX,"Tampico, Tamaulipas",http://pbs.twimg.com/profile_images/718167365737848832/_52L6ERr_normal.jpg,456,585,3,es,http://www.twitter.com/JoshTrevil/status/721318263318319105
